game_number,120,150,180,210,240,300,label_code,label,predicted_limit,predicted_direction,correct
0,0.09164030156290218,0.3223248032497258,0.22287915515856693,0.27137928441527515,0.07024530401658884,0.02153115159694107,3,180,210,Under,True
1,0.05502976190476191,0.10214285714285713,0.333135545010545,0.43958270895770885,0.03770833333333333,0.03240079365079365,3,180,210,Under,True
2,0.10138659951159949,0.32554365225417853,0.20353158172237115,0.31636987646856063,0.05004329004329004,0.003125,3,180,210,Under,True
3,0.10531593406593406,0.20574654512154514,0.27980047730047725,0.33241064491064487,0.07255973193473195,0.004166666666666667,1,120,210,Under,True
4,0.015,0.10826673326673328,0.25906225718725717,0.513968808968809,0.09536886724386724,0.008333333333333333,3,180,210,Under,True
5,0.05592261904761905,0.061112290487290485,0.34852737540237533,0.36713904151404153,0.1602153402153402,0.007083333333333333,4,210,180,Over,True
6,0.20448405760905758,0.29253538128538115,0.2709065934065934,0.12200993450993451,0.1100640331890332,0.0,2,150,180,Under,True
7,0.038612012987012986,0.10108384262796026,0.36529255058666826,0.41361007864684335,0.0629491341991342,0.01845238095238095,4,210,210,Under,True
8,0.08573051948051946,0.21607683982683984,0.38009108946608944,0.24739718614718614,0.07070436507936509,0.0,4,210,180,Under,False
9,0.04377344877344877,0.12832792207792212,0.36034444721944714,0.2530819874569874,0.21169441669441671,0.0027777777777777775,4,210,180,Over,True
10,0.06792929292929292,0.23172348484848487,0.2648138666888667,0.24509192196692195,0.15505196192696197,0.03538947163947165,3,180,210,Under,True
11,0.17270299145299142,0.26387362637362644,0.35405296092796096,0.12998550061050057,0.07660714285714285,0.0027777777777777775,1,120,180,Under,True
12,0.12345695970695972,0.33652319902319905,0.2450671550671551,0.2680296092796092,0.021923076923076924,0.005,1,120,180,Under,True
13,0.07596792096792097,0.293310162060162,0.23478507603507598,0.24785513098013098,0.12718524531024528,0.020896464646464646,4,210,210,Under,True
14,0.0608531746031746,0.17913745976245976,0.3534071484071484,0.27660131535131527,0.09754058441558441,0.03246031746031746,4,210,210,Under,True
15,0.12272693972693974,0.21598137973137974,0.22971402208902206,0.32741423853923857,0.10208008658008656,0.0020833333333333333,1,120,210,Under,True
16,0.10535714285714286,0.16915043290043288,0.32085317460317453,0.29707611832611824,0.09228535353535354,0.015277777777777779,3,180,210,Under,True
17,0.04069444444444444,0.060799894549894554,0.2721350177600177,0.561597915972916,0.057272727272727274,0.0075,4,210,210,Under,True
18,0.02235299422799423,0.16861922799422802,0.3100243506493505,0.39941874098124097,0.06813041125541126,0.031454274891774894,4,210,210,Under,True
19,0.04199404761904762,0.20373425185925184,0.361494338994339,0.33848630536130536,0.04417200854700855,0.010119047619047618,2,150,210,Under,True
20,0.06123015873015873,0.19470550283050284,0.19436924186924187,0.34132215007215005,0.18258234820734814,0.025790598290598293,5,240,210,Under,False
21,0.3206417193917193,0.32367070429570427,0.18304945054945054,0.11843635531135532,0.05420177045177046,0.0,2,150,180,Under,True
22,0.07048791486291486,0.1205612443112443,0.33879030691530687,0.3482150488400487,0.11777881840381839,0.004166666666666667,4,210,210,Under,True
23,0.18417568542568544,0.24347041847041848,0.2585209235209235,0.2432747113997114,0.06828553391053391,0.0022727272727272726,1,120,180,Under,True
24,0.15362040737040739,0.14249937562437562,0.2323134504384504,0.4199100205350206,0.01611111111111111,0.035545634920634915,3,180,210,Under,True
25,0.20904040404040405,0.1307377344877345,0.3656510850260849,0.254097360972361,0.02361735486735487,0.016856060606060604,2,150,180,Under,True
26,0.3798441999177294,0.37015471456647925,0.13931781045751632,0.06974893162393161,0.040934343434343434,0.0,1,120,150,Under,True
27,0.09299062049062048,0.200021645021645,0.3566387085137085,0.30950306637806635,0.040845959595959595,0.0,2,150,210,Under,True
28,0.09733315295815295,0.20428508991008992,0.34042998667998675,0.3046794871794871,0.05327228327228327,0.0,4,210,210,Under,True
29,0.05634920634920635,0.1504372016872017,0.5066167166167166,0.24101065601065602,0.04058621933621933,0.005,3,180,180,Under,True
30,0.06340659340659341,0.3785292485292485,0.26917894605394604,0.2153336247086247,0.0678968253968254,0.005654761904761904,3,180,180,Under,True
31,0.12405303030303028,0.1478174603174603,0.36166847041847044,0.24657738095238088,0.11988365800865801,0.0,3,180,210,Under,True
32,0.09898809523809524,0.2169571747696748,0.4318324037074038,0.16489718614718613,0.08732514013764012,0.0,1,120,180,Under,True
33,0.056628787878787876,0.3043657486304545,0.23959558823529412,0.26313621835680656,0.1284210927960928,0.007852564102564102,1,120,210,Under,True
34,0.06926713564213564,0.1805433455433455,0.3321491563991563,0.2433031413031413,0.1580489094239094,0.01668831168831169,4,210,210,Under,True
35,0.056666666666666664,0.24959099927849926,0.37877209595959604,0.27712301587301585,0.03784722222222222,0.0,3,180,180,Under,True
36,0.07727453102453101,0.3161143717393718,0.36789633977133973,0.19179799367299363,0.0469167637917638,0.0,3,180,180,Under,True
37,0.0125,0.33022963147963147,0.3360931429681429,0.2321960678210678,0.07201687201687201,0.016964285714285716,4,210,180,Under,False
38,0.04018867570338158,0.22444042069042064,0.2282911206440618,0.36002228572081507,0.12809916390798745,0.018958333333333334,3,180,210,Under,True
39,0.057053571428571426,0.19573045010545012,0.1642030885780886,0.43833284770784775,0.1254034854034854,0.019276556776556777,3,180,210,Under,True
40,0.05498196248196248,0.15535436785436785,0.5086115273615273,0.20309704184704183,0.06962176712176713,0.008333333333333333,4,210,180,Under,False
41,0.010416666666666666,0.1123433510933511,0.2560650460650461,0.4276212676212676,0.16028138528138525,0.03327228327228328,5,240,180,Over,True
42,0.08426221804511279,0.27416538505354293,0.15152507215007213,0.2951657552973342,0.15766665717323616,0.03721491228070175,3,180,210,Under,True
43,0.1003327922077922,0.2447554528804529,0.3751499195249195,0.24913683538683534,0.022291666666666664,0.008333333333333333,4,210,180,Under,False
44,0.04541666666666667,0.13762896825396825,0.2730357142857143,0.3098511904761905,0.22281746031746028,0.01125,5,240,180,Over,True
45,0.07863275613275614,0.16429383116883114,0.29576118326118317,0.37176316738816734,0.07531295093795094,0.01423611111111111,4,210,210,Under,True
46,0.03822420634920635,0.36142586580086583,0.31344005531505525,0.1439911014911015,0.13244739057239058,0.010471380471380472,3,180,180,Under,True
47,0.10505217005217005,0.21709145021645018,0.26854340104340096,0.3100516844266844,0.08092796092796092,0.018333333333333333,4,210,210,Under,True
48,0.01718253968253968,0.07012896825396825,0.25892586580086574,0.5365061327561328,0.0941017316017316,0.0231547619047619,4,210,180,Over,True
49,0.24414287101787102,0.24121780996781,0.21870920745920747,0.21966748529248528,0.0707070707070707,0.005555555555555555,3,180,180,Under,True
50,0.05796474358974359,0.2402873882653295,0.28858225108225105,0.34236788130170487,0.053665382819794584,0.01713235294117647,2,150,210,Under,True
51,0.06230425824175825,0.20931051587301588,0.4197908688533687,0.21752126345876346,0.07365551115551114,0.01741758241758242,3,180,180,Under,True
52,0.012583333333333332,0.16200043012543014,0.4149976273726274,0.1763328199578199,0.2340857892107892,0.0,4,210,180,Over,True
53,0.030117521367521372,0.11814664502164503,0.3252710483960484,0.4646547202797202,0.06181006493506495,0.0,3,180,210,Under,True
54,0.06361471861471861,0.1466657647907648,0.5325505050505049,0.1987040043290043,0.044179292929292936,0.014285714285714285,2,150,180,Under,True
55,0.0917591885238944,0.24532329598506072,0.2868147334691452,0.3212988604532722,0.04431781045751635,0.01048611111111111,2,150,210,Under,True
56,0.03428030303030303,0.22663489288489286,0.29526327838827837,0.33784569597069597,0.08427940115440116,0.02169642857142857,2,150,210,Under,True
57,0.01875,0.11744498556998555,0.5115106421356421,0.24889880952380952,0.10027056277056279,0.003125,4,210,210,Under,True
58,0.033728632478632475,0.08376678876678877,0.4510462454212455,0.32067460317460317,0.08884920634920634,0.02193452380952381,4,210,210,Under,True
59,0.04500270562770563,0.2337782356532357,0.2874792568542568,0.3131897269397269,0.09284444721944722,0.027705627705627706,3,180,210,Under,True
60,0.041249999999999995,0.08443452380952379,0.3679193722943722,0.4305627705627705,0.06323412698412699,0.01259920634920635,4,210,210,Under,True
61,0.08055768169738757,0.243588919250684,0.3999742128786246,0.1717781728075846,0.08872402923873511,0.015376984126984128,3,180,180,Under,True
62,0.08418831168831167,0.19273448773448773,0.37443695193695187,0.3237665112665112,0.024873737373737374,0.0,4,210,180,Under,False
63,0.058630328005328004,0.24978392586945217,0.39184583691162633,0.20785172795041218,0.09188818126318127,0.0,4,210,180,Under,False
64,0.02994047619047619,0.20358724608724604,0.3009333721833722,0.37315705128205134,0.06845328282828284,0.023928571428571428,1,120,210,Under,True
65,0.04964285714285714,0.19473394660894658,0.3589056082806082,0.3073922605172605,0.08682532745032745,0.0025,3,180,210,Under,True
66,0.05167748917748917,0.1644761488511488,0.349232017982018,0.35784645909645907,0.06819645632145631,0.008571428571428572,4,210,210,Under,True
67,0.12464917027417026,0.25687160062160064,0.37052849927849923,0.1833977827727828,0.0533426295926296,0.011210317460317459,3,180,180,Under,True
68,0.02111111111111111,0.2726885614385614,0.3222409534909534,0.2930787268287268,0.07421398046398046,0.016666666666666666,3,180,210,Under,True
69,0.06202380952380952,0.09860389610389611,0.3374690587190587,0.35729374791874785,0.13697059884559884,0.007638888888888888,4,210,210,Under,True
70,0.03018037518037518,0.11803985230455818,0.5209279241999829,0.1979669595110772,0.11181346023257788,0.02107142857142857,4,210,180,Under,False
71,0.02232142857142857,0.20923028360528356,0.2813638444888445,0.32284743034743035,0.1600703463203463,0.004166666666666667,3,180,210,Under,True
72,0.17136634199134199,0.2649323593073593,0.31400883838383836,0.1855357142857143,0.03176587301587301,0.03239087301587302,3,180,180,Under,True
73,0.08096438283938286,0.22286678599178603,0.26641115828615825,0.33938610001110014,0.07832611832611834,0.012045454545454545,4,210,210,Under,True
74,0.03981331168831169,0.26356358918858924,0.36737769175269175,0.2560960567210567,0.06064935064935064,0.0125,4,210,180,Under,False
75,0.02369227994227994,0.19316468253968255,0.4981553862803862,0.1095953352203352,0.1664637445887446,0.008928571428571428,3,180,180,Under,True
76,0.016874999999999998,0.11623015873015871,0.15425595238095238,0.2973854617604617,0.35224747474747475,0.06300595238095238,3,180,180,Over,False
77,0.1239835042408572,0.22192129357570534,0.36981502157972745,0.24650006855889214,0.03420868347338935,0.0035714285714285713,3,180,180,Under,True
78,0.07369588744588745,0.3900100348997408,0.23103546780017367,0.2519176452632335,0.04132173382173382,0.01201923076923077,3,180,180,Under,True
79,0.07134858197358199,0.32226585914085915,0.31011093073593066,0.18346500721500722,0.107761544011544,0.005048076923076923,3,180,180,Under,True
80,0.04975198412698413,0.08885690698190699,0.22484286546786544,0.4665051615051615,0.13485826673326676,0.035184815184815185,2,150,180,Over,False
81,0.030244360902255636,0.20661120312436104,0.22603583916083916,0.41086075474233363,0.0927721072786862,0.033475734791524256,2,150,210,Under,True
82,0.03571428571428571,0.18005952380952378,0.42162379287379287,0.2689065101565101,0.0916125541125541,0.0020833333333333333,3,180,210,Under,True
83,0.04896915584415584,0.18575487012987016,0.3368470418470418,0.2642306998556998,0.14792839105339106,0.016269841269841268,3,180,210,Under,True
84,0.10388908477143773,0.3191374801668919,0.26006546558017146,0.29488813882196235,0.022019830659536544,0.0,3,180,180,Under,True
85,0.045084776334776325,0.26694173881673877,0.32113430550930555,0.20757154882154882,0.14129625004625004,0.01797138047138047,4,210,210,Under,True
86,0.06518664084453558,0.24446661160476948,0.19595924908424908,0.3030589038154827,0.1501130996196786,0.0412154950312845,3,180,210,Under,True
87,0.12022213897213896,0.37523698523698534,0.1830645743145743,0.2073767898767899,0.08024191086691086,0.03385760073260073,4,210,180,Under,False
88,0.06080627705627706,0.23980790043290043,0.399083694083694,0.24449855699855702,0.03919642857142856,0.016607142857142855,2,150,180,Under,True
89,0.07568722943722944,0.1893928293928294,0.35824710012210015,0.2757165750915751,0.0896557609057609,0.01130050505050505,4,210,210,Under,True
90,0.06269119769119769,0.20002546065046065,0.3517941086691086,0.24204711954711958,0.1046257215007215,0.03881639194139194,2,150,210,Under,True
91,0.25776334776334775,0.3151623376623376,0.19445494864612511,0.1653641456582633,0.03828463203463204,0.028970588235294116,1,120,180,Under,True
92,0.036955266955266956,0.27074449855699856,0.4126907467532468,0.22569895382395386,0.048910533910533904,0.005,2,150,180,Under,True
93,0.12867424242424239,0.1772849025974026,0.3864402958152958,0.23662067099567094,0.07097988816738818,0.0,3,180,180,Under,True
94,0.039999999999999994,0.07324252136752137,0.23196726884226876,0.5011072954822954,0.14150342712842712,0.012179487179487178,4,210,180,Over,True
95,0.10679847929847927,0.2464543095793096,0.36728056665556663,0.25784659784659786,0.021620046620046622,0.0,3,180,180,Under,True
96,0.08523469585969587,0.1991454725829726,0.3585888764013764,0.31042839105339104,0.03608974358974359,0.01051282051282051,3,180,210,Under,True
97,0.01956349206349206,0.12542367354867356,0.34170170107670106,0.4141139416139416,0.09919719169719168,0.0,3,180,210,Under,True
98,0.03567821067821068,0.2031664862914863,0.18352050727050725,0.4904842379842379,0.048405136530136526,0.03874542124542125,4,210,210,Under,True
99,0.025555555555555554,0.08211524178435943,0.2789811536502712,0.35465563031739494,0.17311924186924185,0.08557317682317683,4,210,180,Over,True
100,0.07630411255411254,0.2619787157287157,0.35613546176046185,0.21633026695526697,0.07523178210678211,0.014019660894660895,3,180,180,Under,True
101,0.09081349206349207,0.20889610389610386,0.47185696248196257,0.20732233044733045,0.021111111111111112,0.0,2,150,180,Under,True
102,0.014980158730158729,0.1473148892730936,0.39578553391053395,0.3737389261924865,0.01825051990493167,0.049929971988795514,4,210,210,Under,True
103,0.061111111111111116,0.1518587662337662,0.3807541763791764,0.2561473248973249,0.13950362137862135,0.010624999999999999,3,180,210,Under,True
104,0.0807836485410015,0.21700849803790984,0.36643361132331725,0.25913951244833605,0.06389663441134029,0.012738095238095238,2,150,180,Under,True
105,0.013068181818181817,0.19470356032856037,0.3147626678876679,0.3621441058941059,0.09173756798756798,0.023583916083916086,4,210,210,Under,True
106,0.04127372627372628,0.29527250527250526,0.24678564491064486,0.2332782495282495,0.11541638916638916,0.06797348484848484,4,210,210,Under,True
107,0.09255952380952381,0.13789682539682538,0.48409090909090924,0.18589556277056277,0.0877389971139971,0.011818181818181818,4,210,180,Under,False
108,0.03019841269841269,0.05077020202020203,0.2973313492063491,0.5406123737373736,0.05918290043290044,0.021904761904761906,1,120,180,Over,False
109,0.08844017094017094,0.20409264346764347,0.25809371184371177,0.2921140664890664,0.12374542124542125,0.033513986013986016,3,180,210,Under,True
110,0.06521284271284271,0.1809641053391053,0.37449494949494944,0.23229617604617606,0.12970869408369406,0.017323232323232324,4,210,210,Under,True
111,0.16243055555555558,0.27486582861582864,0.21108176545676544,0.28920121545121547,0.028710317460317457,0.03371031746031746,4,210,210,Under,True
112,0.0546504884004884,0.15204906204906204,0.4040882034632034,0.32668345543345545,0.04542506105006105,0.017103729603729603,3,180,210,Under,True
113,0.04075757575757576,0.19445915195915195,0.4046723646723647,0.24901212213712215,0.09420063732563731,0.016898148148148145,3,180,210,Under,True
114,0.07087301587301587,0.10547008547008548,0.3623461954711954,0.3629079254079254,0.08034722222222222,0.018055555555555554,5,240,210,Under,False
115,0.08891374707164182,0.30561737056802846,0.11725607725607726,0.29716438167096065,0.14229310711218607,0.0487553163211058,3,180,210,Under,True
116,0.11611548174048174,0.145966810966811,0.3805785187035187,0.275020535020535,0.06912420912420912,0.013194444444444444,2,150,210,Under,True
117,0.1785773703420762,0.17328776207452676,0.2865946757490875,0.2964684131228249,0.05087535014005602,0.014196428571428572,3,180,210,Under,True
118,0.32724941724941725,0.2931208374958375,0.25502657065157064,0.10168650793650794,0.022916666666666665,0.0,3,180,180,Under,True
119,0.05746617965367965,0.2606164321789322,0.3002123917748918,0.27719606782106776,0.07673115079365078,0.02777777777777778,3,180,210,Under,True
120,0.08603715728715729,0.1395661283161283,0.23593462093462092,0.42740849428349426,0.07083263958263958,0.0402209595959596,4,210,210,Under,True
121,0.2406746031746032,0.33871031746031743,0.28998015873015864,0.07259920634920633,0.04345238095238095,0.014583333333333332,1,120,180,Under,True
122,0.047896825396825396,0.3151280663780664,0.23117514430014435,0.27735389610389605,0.11469606782106782,0.013750000000000002,3,180,210,Under,True
123,0.2534550865800866,0.24748466810966813,0.23776827339327342,0.21415216727716727,0.04713980463980463,0.0,3,180,180,Under,True
124,0.07784722222222222,0.2670508658008658,0.09966360028860029,0.5055474386724386,0.029196428571428568,0.020694444444444446,3,180,210,Under,True
125,0.11679499830235127,0.2258010249554367,0.4400672693319752,0.15060637891520243,0.06673032849503437,0.0,2,150,180,Under,True
126,0.06273989898989898,0.1038212481962482,0.19161616161616163,0.4396374458874458,0.19197601010101006,0.01020923520923521,3,180,180,Over,False
127,0.05083784271284271,0.208989898989899,0.5192379148629149,0.11411886724386722,0.1068154761904762,0.0,3,180,180,Under,True
128,0.008173076923076924,0.13977272727272724,0.3982149794649795,0.32309100621600617,0.09533154345654346,0.035416666666666666,4,210,210,Under,True
129,0.029177489177489174,0.28551448551448555,0.3567330586080587,0.27116883116883117,0.05740613553113553,0.0,4,210,180,Under,False
130,0.07663808413808414,0.2661449661449661,0.38294846357346357,0.16051187238687242,0.10925925925925925,0.004497354497354497,3,180,180,Under,True
131,0.05014575702075702,0.22720716783216788,0.19944895382395383,0.3788153513153513,0.12063277000777,0.02375,4,210,210,Under,True
132,0.06885010822510822,0.2267866161616162,0.2845472582972584,0.28814754689754685,0.11944624819624819,0.012222222222222221,3,180,210,Under,True
133,0.09049377705627705,0.28354752886002893,0.2426516885891886,0.3135690004440005,0.0515435606060606,0.018194444444444444,2,150,210,Under,True
134,0.03169642857142857,0.06853365384615384,0.31755208435355486,0.4715859650969946,0.06353174603174602,0.0471001221001221,3,180,180,Over,False
135,0.053892496392496395,0.19031746031746033,0.3498349567099567,0.241228354978355,0.11551767676767677,0.04920905483405484,4,210,210,Under,True
136,0.05074585137085137,0.1208459595959596,0.38266892829392823,0.33000194250194254,0.10073731823731824,0.015,3,180,210,Under,True
137,0.11388888888888889,0.10814116439116439,0.4342724636474637,0.23478909978909973,0.10057504995004996,0.008333333333333333,3,180,180,Under,True
138,0.03848443223443223,0.14449526168276167,0.29273691586191586,0.3575573731823732,0.13821907259407262,0.02850694444444445,3,180,210,Under,True
139,0.05762896825396825,0.1338933982683983,0.39155032467532463,0.2844462481962482,0.11045725108225106,0.022023809523809522,3,180,210,Under,True
140,0.12167506105006105,0.31144612332112337,0.2978647741147741,0.25682310744810743,0.012190934065934066,0.0,2,150,180,Under,True
141,0.07830983709273184,0.15300342201657996,0.25223977411477405,0.3808561066126856,0.10872240697898591,0.026868453184242656,4,210,210,Under,True
142,0.0338179181929182,0.29027247262541384,0.3397300847300847,0.18555555011437366,0.1102117993662111,0.04041217497099849,6,300,180,Under,False
143,0.07673305860805861,0.184662074037074,0.4048579892329891,0.25373314185814183,0.0678609584859585,0.012152777777777778,3,180,180,Under,True
144,0.0763738344988345,0.24333929958929962,0.301449383949384,0.27804022366522363,0.1007972582972583,0.0,3,180,210,Under,True
145,0.05465277777777777,0.32327651515151506,0.37452380952380954,0.17931457431457432,0.06823232323232323,0.0,2,150,180,Under,True
146,0.1982296176046176,0.15532918470418472,0.3628120490620491,0.22189303751803752,0.061736111111111124,0.0,3,180,180,Under,True
147,0.11327620296370297,0.2272000568875569,0.3131014818514818,0.25782096375846375,0.06257107475857475,0.026030219780219778,2,150,180,Under,True
148,0.01583333333333333,0.08841623654123655,0.31945283882783876,0.2866127622377622,0.25494581807081806,0.034739010989010985,4,210,180,Over,True
149,0.11117063492063492,0.156001221001221,0.4125457875457875,0.13246108058608058,0.17869429181929183,0.009126984126984126,4,210,180,Under,False
150,0.04016802641802641,0.1732449494949495,0.4830486874236873,0.23964944777444774,0.06388888888888888,0.0,2,150,180,Under,True
151,0.06346133033633033,0.21550255300255303,0.3351757270507271,0.341645646020646,0.04020833333333333,0.004006410256410256,2,150,210,Under,True
152,0.05292748917748917,0.24313977688977687,0.19172306859806862,0.40128080253080245,0.08506576756576757,0.025863095238095234,4,210,210,Under,True
153,0.18306575369075367,0.2746562118437118,0.20747786935286938,0.2461116661116661,0.07956151487401487,0.009126984126984126,4,210,180,Under,False
154,0.07605654761904761,0.20220456626706626,0.36064355783105784,0.24655611749361755,0.10620587745587744,0.008333333333333333,2,150,210,Under,True
155,0.14086399711399708,0.21446256153976742,0.32305998535777947,0.26099360198624905,0.060619854002206944,0.0,3,180,180,Under,True
156,0.024401709401709402,0.13318098160009925,0.29162815942227704,0.4493428875046521,0.10144626207126209,0.0,4,210,210,Under,True
157,0.020716089466089466,0.12537386224886224,0.3235995254745255,0.40686840936840935,0.10674568487068485,0.016696428571428574,4,210,210,Under,True
158,0.12793560606060603,0.2217523448773449,0.38939935064935066,0.17849206349206354,0.08242063492063492,0.0,2,150,180,Under,True
159,0.05075396825396825,0.14579004329004328,0.15159361471861474,0.36108270202020204,0.2564493145743145,0.03433035714285714,4,210,180,Over,True
160,0.09491022866022868,0.24310894987365575,0.2692138988462518,0.3240745365745365,0.06869238604532721,0.0,2,150,210,Under,True
161,0.047316919191919195,0.15484036796536796,0.3952430902430902,0.3465091158841158,0.05192384004884004,0.004166666666666667,2,150,210,Under,True
162,0.07113275613275613,0.2155442474192474,0.5569276556776555,0.1133596264846265,0.043035714285714274,0.0,3,180,180,Under,True
163,0.09678373709623708,0.2847515331890332,0.22633758602508602,0.3140780747030748,0.07804906898656896,0.0,4,210,210,Under,True
164,0.0460218253968254,0.24869859307359304,0.2697197247197247,0.3776937645687647,0.036505161505161504,0.02136093073593074,2,150,210,Under,True
165,0.16973443223443224,0.32424318736818736,0.2975126262626263,0.11084894272394272,0.08873223998223997,0.008928571428571428,1,120,180,Under,True
166,0.07643939393939393,0.2597041847041847,0.5206331168831169,0.10608044733044734,0.037142857142857144,0.0,4,210,180,Under,False
167,0.08469426406926406,0.1988079281829282,0.19108551171051175,0.3689359251859251,0.11058170995670995,0.04589466089466089,3,180,210,Under,True
168,0.07315476190476192,0.11148268398268399,0.30168706293706293,0.4500039543789544,0.0636715367965368,0.0,4,210,210,Under,True
169,0.0964264208014208,0.2245784077034077,0.3999506743256743,0.10215902153402152,0.15279456654456655,0.02409090909090909,4,210,180,Under,False
170,0.04590277777777778,0.22659361471861467,0.4435962648462648,0.18748334998334998,0.09642399267399268,0.0,2,150,180,Under,True
171,0.01388888888888889,0.09764069264069265,0.22078595016095015,0.547563616938617,0.10900974025974024,0.01111111111111111,2,150,180,Over,False
172,0.05468524531024531,0.07877976190476191,0.36705627705627697,0.43902146464646463,0.04775883838383838,0.012698412698412698,3,180,210,Under,True
173,0.0812784090909091,0.16970859002109004,0.2793051046176046,0.3863799741924743,0.0805501443001443,0.0027777777777777775,4,210,210,Under,True
174,0.08566829004329005,0.19973755411255406,0.28372745310245306,0.22772637085137082,0.19189033189033192,0.01125,3,180,210,Under,True
175,0.10709776334776336,0.18294420856920857,0.32518696581196577,0.22216408591408596,0.15357919857919858,0.009027777777777777,3,180,210,Under,True
176,0.0455214923964924,0.2707516095016095,0.1691958041958042,0.39485396547896545,0.11513167388167386,0.004545454545454545,4,210,210,Under,True
177,0.033680555555555554,0.17436788905538908,0.2216080447330447,0.34470036907536905,0.1078517316017316,0.11779140997891,5,240,180,Over,True
178,0.02909722222222222,0.17254329004329003,0.5585506854256855,0.16209776334776335,0.07771103896103897,0.0,2,150,180,Under,True
179,0.0661453823953824,0.30957882395382397,0.4152219308469308,0.14447052947052946,0.06458333333333334,0.0,3,180,180,Under,True
180,0.07767045454545454,0.18160138472638476,0.2551592851592851,0.38738497613497613,0.06530691530691532,0.03287698412698413,3,180,210,Under,True
181,0.030515873015873017,0.2120848595848596,0.23674145299145297,0.42680326617826614,0.08760454822954823,0.00625,4,210,210,Under,True
182,0.034613095238095234,0.08327380952380953,0.41193126318126316,0.36590222277722273,0.09686202686202686,0.007417582417582417,6,300,210,Under,False
183,0.05768967143967144,0.32735670579420584,0.23053165584415583,0.320954705017205,0.05577876984126984,0.007688492063492064,1,120,210,Under,True
184,0.08217261904761905,0.29442144660894665,0.34948142135642135,0.14175685425685428,0.13216765873015873,0.0,2,150,180,Under,True
185,0.19175312432665373,0.3111543399411046,0.3399000754147812,0.0931845238095238,0.0515079365079365,0.0125,2,150,180,Under,True
186,0.04756944444444444,0.14229365405835992,0.4386294832618362,0.21711760461760465,0.1158977501256913,0.0384920634920635,1,120,210,Under,True
187,0.055069444444444435,0.13419282106782104,0.19278318903318903,0.5759686147186149,0.03244047619047619,0.009545454545454546,2,150,210,Under,True
188,0.04548576423576424,0.3347899322899323,0.347521645021645,0.17047646797646798,0.10172619047619047,0.0,3,180,180,Under,True
189,0.1261492673992674,0.21856789044289043,0.3136295648795649,0.2677676143301143,0.04637619325119324,0.027509469696969695,2,150,180,Under,True
190,0.039183059587471356,0.2620381701631702,0.5537191770647654,0.11696227383727383,0.02531954156954157,0.0027777777777777775,2,150,180,Under,True
191,0.039745670995670994,0.14407693001443003,0.31139544483294485,0.36555735930735933,0.13240641303141304,0.006818181818181818,5,240,210,Under,False
192,0.019166666666666665,0.1233206376956377,0.31478639416139415,0.4657894882894883,0.037257326007326015,0.039679487179487175,3,180,210,Under,True
193,0.037321428571428575,0.04057477244977245,0.4523956598956599,0.40898851148851145,0.04395375457875458,0.01676587301587302,4,210,210,Under,True
194,0.09087662337662339,0.14137737262737263,0.26640297202797203,0.21448405760905756,0.2189892052392053,0.06786976911976911,3,180,180,Over,False
195,0.0151984126984127,0.17803162115662113,0.21688945858063505,0.3176854354795531,0.20089944777444782,0.0712956243103302,4,210,180,Over,True
196,0.08277777777777777,0.10796439671439673,0.19438131313131313,0.3508017676767677,0.22161747974247975,0.04245726495726496,4,210,180,Over,True
197,0.08431620462870462,0.31067775974025974,0.17567047535797534,0.3453034465534466,0.07778211371961372,0.00625,3,180,210,Under,True
198,0.1485813492063492,0.3704247835497835,0.22011002886002884,0.18563492063492062,0.03941558441558442,0.03583333333333333,1,120,180,Under,True
199,0.07783348595848595,0.18649468586968584,0.32149676712176706,0.29584956709956706,0.10617271617271618,0.012152777777777778,6,300,210,Under,False
200,0.05579212454212453,0.2624184149184149,0.31286498223998227,0.26675040237540226,0.09661852036852037,0.005555555555555555,2,150,210,Under,True
201,0.05132177871148459,0.14115662931839407,0.3278771432815551,0.4348802096596214,0.0399031279178338,0.00486111111111111,3,180,210,Under,True
202,0.07819499944499946,0.26413836163836163,0.3504199966699966,0.19652999777999774,0.09362068487068488,0.017095959595959595,4,210,180,Under,False
203,0.02718253968253968,0.25880341880341884,0.3255776862026862,0.33575223387723396,0.043268537018537015,0.009415584415584415,3,180,210,Under,True
204,0.09268696581196581,0.25065302752802754,0.35348214285714286,0.2254794511044511,0.0776984126984127,0.0,5,240,180,Under,False
205,0.1029424497071556,0.2526793427161074,0.34191038536626767,0.2566114114643526,0.024536966301672184,0.021319444444444443,3,180,180,Under,True
206,0.03528339715839716,0.38377195720945717,0.28684208152958146,0.22120879120879122,0.06904761904761905,0.0038461538461538464,4,210,180,Under,False
207,0.10078373015873017,0.23048243423243422,0.3179618298368298,0.3164466089466089,0.03432539682539683,0.0,3,180,210,Under,True
208,0.03229166666666667,0.10862103174603174,0.32095734126984127,0.44244543650793655,0.0670734126984127,0.028611111111111108,3,180,210,Under,True
209,0.12539051226551226,0.26325396825396824,0.397967796092796,0.19227661227661225,0.012777777777777777,0.008333333333333333,4,210,180,Under,False
210,0.07113095238095238,0.20966360028860026,0.4131114718614719,0.2772050865800866,0.024722222222222222,0.004166666666666667,4,210,180,Under,False
211,0.09456439393939395,0.1661694007746639,0.3841955266955267,0.28290707830181516,0.04885912698412699,0.023304473304473307,1,120,210,Under,True
212,0.08348214285714285,0.16709554334554338,0.27999118936618933,0.30931207681207684,0.13833333333333336,0.021785714285714283,4,210,210,Under,True
213,0.12229055666555669,0.3401544737941797,0.21985062323297613,0.2631641969141969,0.05454014939309056,0.0,3,180,180,Under,True
214,0.13001172438672443,0.17960452741702743,0.1530624236874237,0.3228331737706738,0.13126633782883784,0.08322181290931291,3,180,210,Under,True
215,0.04952651515151515,0.11713474025974024,0.31598991286491285,0.42530337717837713,0.061607142857142846,0.03043831168831169,5,240,210,Under,False
216,0.08548160173160173,0.14593434343434342,0.357307831057831,0.34556651681651684,0.06570970695970695,0.0,3,180,210,Under,True
217,0.060934829059829075,0.10213675213675213,0.289088689088689,0.47037469474969473,0.07064685314685316,0.006818181818181818,4,210,210,Under,True
218,0.03684523809523809,0.1589880952380952,0.3290983322233322,0.29814824064824064,0.1769200937950938,0.0,4,210,210,Under,True
219,0.36705766455766453,0.35044961982461986,0.10117091242091243,0.10599983349983351,0.07532196969696969,0.0,2,150,150,Under,True
220,0.1869994588744589,0.15549152236652236,0.31601724664224656,0.2631828588078588,0.07830891330891329,0.0,3,180,180,Under,True
221,0.055885919635919636,0.18910409035409032,0.4660742035742035,0.20316197691197688,0.0774404761904762,0.008333333333333333,5,240,180,Under,False
222,0.04502060439560439,0.15389430014430014,0.3181275668775668,0.354426406926407,0.09000298312798313,0.03852813852813852,3,180,210,Under,True
223,0.0681168831168831,0.10287393162393163,0.4744434731934731,0.2881741175491175,0.06326659451659453,0.003125,4,210,210,Under,True
224,0.03292506105006105,0.2088930269077328,0.4039031352634293,0.29259470921235625,0.053945972328325285,0.007738095238095238,3,180,210,Under,True
225,0.04870039682539683,0.16468975468975466,0.3043695887445887,0.3019011544011544,0.10125992063492065,0.0790791847041847,3,180,210,Under,True
226,0.039082792207792205,0.13218975468975463,0.37922175047175055,0.36331529581529576,0.06038412975912977,0.025806277056277055,3,180,210,Under,True
227,0.061906565656565646,0.1531628787878788,0.2211605755355755,0.3893896728271728,0.1255028305028305,0.04887747668997669,2,150,210,Under,True
228,0.06181547619047619,0.19077394827394828,0.3544073981573982,0.22863199300699297,0.15228785103785103,0.012083333333333333,5,240,210,Under,False
229,0.0165922619047619,0.1474409271284271,0.5608824855699857,0.24988983238983237,0.02519449300699301,0.0,2,150,180,Under,True
230,0.02901785714285714,0.11611434725405312,0.367548170783465,0.3450745904422375,0.11617360580595874,0.026071428571428572,4,210,210,Under,True
231,0.1045071595071595,0.4171800421800421,0.263645313020313,0.18480637418137416,0.021527777777777774,0.008333333333333333,3,180,180,Under,True
232,0.14193452380952382,0.13174512987012985,0.4343979978354978,0.2316815476190476,0.053422619047619045,0.006818181818181818,4,210,180,Under,False
233,0.0539408508158508,0.3495889874014874,0.2877451368076368,0.20560723998223995,0.08534992784992786,0.01776785714285714,2,150,180,Under,True
234,0.043958333333333335,0.115504679144385,0.5322703930056871,0.20540467702232407,0.0960437356760886,0.006818181818181818,3,180,180,Under,True
235,0.05969696969696969,0.21893089001641636,0.4437589931997826,0.20174679122047542,0.07586635586635587,0.0,3,180,180,Under,True
236,0.049160353535353536,0.1745544039294039,0.4416233072483071,0.24197108447108445,0.08587266899766899,0.006818181818181818,3,180,180,Under,True
237,0.05645833333333333,0.17064844877344879,0.46593832229861637,0.21793703845174436,0.08901785714285713,0.0,4,210,180,Under,False
238,0.07593270034059509,0.20694753346069134,0.3025440123601889,0.2843279778786746,0.10103571866729759,0.029212057292552652,3,180,210,Under,True
239,0.0852092352092352,0.2931087662337662,0.353314393939394,0.21243326118326117,0.055934343434343434,0.0,5,240,180,Under,False
240,0.15820311632811634,0.18092678155178152,0.3929597485847486,0.1513627344877345,0.1032142857142857,0.013333333333333332,3,180,180,Under,True
241,0.05838474025974026,0.12634920634920638,0.3527858946608946,0.33313492063492056,0.1024702380952381,0.026875,4,210,210,Under,True
242,0.12309501772737068,0.26592631633072805,0.3955728054625113,0.1133004209842445,0.10210543949514542,0.0,3,180,180,Under,True
243,0.07488095238095237,0.13874819624819626,0.288531746031746,0.400501443001443,0.09317099567099565,0.004166666666666667,4,210,210,Under,True
244,0.2202641802641802,0.2879140304140304,0.26795093795093794,0.1727886002886003,0.04047619047619048,0.010606060606060605,1,120,180,Under,True
245,0.1691457725281255,0.40793167208608383,0.19148002324472907,0.19773980104862462,0.023980508870214752,0.00972222222222222,1,120,180,Under,True
246,0.07596590909090908,0.21441156066156064,0.20915154290154292,0.39910880785880787,0.06510780885780885,0.036254370629370626,4,210,210,Under,True
247,0.043611111111111114,0.2577777777777778,0.3589781746031746,0.2901587301587302,0.04947420634920635,0.0,4,210,180,Under,False
248,0.2489466089466089,0.18648088023088022,0.31017586580086576,0.16288780663780664,0.0711084054834055,0.0204004329004329,2,150,180,Under,True
249,0.13486978299478303,0.23848738067488068,0.26356778638028633,0.24065351315351316,0.11072510822510824,0.011696428571428571,1,120,210,Under,True
250,0.05931263181263182,0.18422265234765237,0.45399093961593956,0.2269777444777445,0.06612103174603175,0.009375,4,210,180,Under,False
251,0.02563582251082251,0.21545645530939656,0.3140848965848966,0.29609008502390854,0.09315281668222844,0.055579923888747405,6,300,210,Under,False
252,0.02723214285714286,0.16340548340548341,0.32305104617604613,0.24733315295815292,0.21144570707070712,0.02753246753246753,1,120,180,Over,False
253,0.02859126984126984,0.17320616883116885,0.3363600288600289,0.3742821067821067,0.0807747113997114,0.006785714285714286,3,180,210,Under,True
254,0.05083333333333333,0.1509271978021978,0.42433871683871693,0.2939026251526251,0.06987907925407927,0.01011904761904762,2,150,210,Under,True
255,0.06923430735930737,0.3280811147916412,0.2720309295967191,0.28024329471697895,0.0389520202020202,0.011458333333333333,3,180,180,Under,True
256,0.07003156565656565,0.2738267982017982,0.3102077320827321,0.23178712491212491,0.06928145928145926,0.044865319865319865,2,150,180,Under,True
257,0.03924388111888112,0.22804487179487176,0.4515841103341103,0.16870289432789431,0.10686868686868686,0.005555555555555555,3,180,180,Under,True
258,0.021818181818181816,0.2389520202020202,0.4416824494949495,0.19678165584415586,0.08727362914862914,0.013492063492063491,4,210,180,Under,False
259,0.24118083305583302,0.3460242535242536,0.19733315295815293,0.14505050505050504,0.0654112554112554,0.005,1,120,180,Under,True
260,0.13649496336996336,0.1627997002997003,0.3683491508491508,0.2470345626595627,0.06908785658785657,0.016233766233766232,2,150,180,Under,True
261,0.1544760101010101,0.2934830447330447,0.2665376984126983,0.17454365079365078,0.11095959595959595,0.0,3,180,180,Under,True
262,0.14391594516594516,0.15399260461760458,0.2448746392496392,0.36183712121212125,0.04409181096681096,0.051287878787878785,4,210,210,Under,True
263,0.053125,0.33278062945826103,0.39183338956365277,0.1805248698669751,0.028402777777777784,0.013333333333333332,1,120,180,Under,True
264,0.05851190476190475,0.17216346153846154,0.21082993395493393,0.4096910034410034,0.13444166944166944,0.014362026862026861,3,180,210,Under,True
265,0.07005952380952381,0.24485930735930742,0.5462319624819626,0.09301587301587302,0.04583333333333333,0.0,4,210,180,Under,False
266,0.03208333333333333,0.12120220057720058,0.19815802253302256,0.6101933483183481,0.028988095238095236,0.009375,5,240,210,Under,False
267,0.027450396825396822,0.16030351592851594,0.38180472305472307,0.3224033605283605,0.10254349816849817,0.005494505494505494,3,180,210,Under,True
268,0.02494674185463659,0.19214573803389592,0.28278575591075594,0.4288531096096885,0.04968866294524189,0.02157999164578112,1,120,210,Under,True
269,0.020945165945165944,0.09321275946275946,0.46310869685869677,0.36908168220668214,0.043235028860028855,0.010416666666666666,3,180,210,Under,True
270,0.07929424741924744,0.32092046111782957,0.34831822417348723,0.18883178590415434,0.06263528138528138,0.0,5,240,180,Under,False
271,0.0357609710550887,0.34038885542562014,0.3440478965478965,0.21110828713769889,0.06591621205591794,0.0027777777777777775,2,150,180,Under,True
272,0.02636904761904762,0.0671257215007215,0.208132215007215,0.5330627705627706,0.15406024531024526,0.01125,2,150,180,Over,False
273,0.03680555555555555,0.12739538239538237,0.5962202380952382,0.20810786435786438,0.031470959595959594,0.0,1,120,180,Under,True
274,0.07245039682539682,0.11472791097791099,0.541487470862471,0.2141309385059385,0.05720328282828283,0.0,4,210,180,Under,False
275,0.0822651409048468,0.07798701298701298,0.38869418979713094,0.35581524276377224,0.06889912783295135,0.02633928571428571,2,150,210,Under,True
276,0.044794372294372296,0.26309627872127866,0.3063573069087776,0.35513696271049217,0.030615079365079362,0.0,5,240,210,Under,False
277,0.06211489898989899,0.12376676428147015,0.4431916327136916,0.21390671420083188,0.1542422120363297,0.0027777777777777775,6,300,210,Under,False
278,0.056461038961038955,0.09585678210678211,0.29678481240981236,0.30919101731601734,0.2256349206349207,0.01607142857142857,6,300,180,Over,True
279,0.05315656565656566,0.18250233426704016,0.27916884177913587,0.3820812643239114,0.04524918300653595,0.05784181096681097,6,300,210,Under,False
280,0.06792658730158731,0.3061282467532468,0.2758441558441557,0.3038401875901876,0.04070526695526695,0.005555555555555555,4,210,210,Under,True
281,0.07707792207792208,0.18821095571095572,0.1969615107115107,0.3603719891219891,0.1411363636363636,0.03624125874125875,3,180,210,Under,True
282,0.08488106664577252,0.43994922561099026,0.25001979229920407,0.19605937771378945,0.02681781045751634,0.0022727272727272726,3,180,180,Under,True
283,0.09570075757575756,0.11478625541125542,0.2513239538239537,0.34874618437118443,0.14438124375624373,0.045061605061605066,4,210,210,Under,True
284,0.23185723998223992,0.2671619005994006,0.17340066183816183,0.2777113164613164,0.04986888111888112,0.0,2,150,180,Under,True
285,0.20325785325785323,0.4407329476079476,0.17193632756132757,0.13893939393939395,0.04513347763347764,0.0,1,120,180,Under,True
286,0.08672993672993674,0.1406350593850594,0.4194705988455988,0.30109557109557106,0.05206883394383395,0.0,3,180,210,Under,True
287,0.1424107142857143,0.22131764069264076,0.30004238816738826,0.2214889971139971,0.11474025974025974,0.0,4,210,180,Under,False
288,0.06349837662337662,0.21742063492063485,0.2779518398268398,0.2750901875901876,0.15649350649350646,0.009545454545454546,3,180,210,Under,True
289,0.0743043068043068,0.25564824064824065,0.38310543623043625,0.19761481573981576,0.07682720057720058,0.0125,4,210,180,Under,False
290,0.10039078976578977,0.2887586025086025,0.3349918831168831,0.2043985875235875,0.06288870851370851,0.008571428571428572,2,150,180,Under,True
291,0.05862040737040737,0.20039800477300473,0.4782114413364414,0.16174651737151738,0.09745220057720057,0.0035714285714285713,3,180,180,Under,True
292,0.034265873015873013,0.17771735209235212,0.3726695526695526,0.2923219141969142,0.123025308025308,0.0,4,210,210,Under,True
293,0.04899114774114774,0.24824307636807638,0.43152125652125645,0.15699578199578199,0.05145021645021645,0.06279852092352092,3,180,180,Under,True
294,0.057422195859695865,0.10739042207792207,0.30198263542013537,0.42701649045399054,0.1004190254190254,0.0057692307692307696,4,210,210,Under,True
295,0.21653041403041406,0.2711568292818292,0.25793345543345547,0.2050319819069819,0.04394959207459207,0.005397727272727273,1,120,180,Under,True
296,0.03543650793650793,0.22469516594516592,0.4644940476190477,0.22065205627705634,0.049722222222222216,0.005,3,180,180,Under,True
297,0.23611652236652242,0.27551857864357865,0.37191919191919187,0.09035443722943723,0.02609126984126984,0.0,1,120,180,Under,True
298,0.04428571428571428,0.15294191919191918,0.4042083610833612,0.2598347485847486,0.13872925685425688,0.0,4,210,210,Under,True
299,0.04856511544011543,0.12944173881673884,0.4182611832611832,0.3329256854256854,0.06626082251082252,0.004545454545454545,2,150,210,Under,True
300,0.0283768315018315,0.2899359668109668,0.24822046009546012,0.3137518037518038,0.08025009712509713,0.03946484071484072,4,210,210,Under,True
301,0.05789682539682539,0.24916118603618603,0.25523088023088025,0.22079267954267956,0.20066842879342878,0.01625,2,150,210,Under,True
302,0.05184613997113997,0.1127020202020202,0.6016228216228218,0.1421073371073371,0.0917216810966811,0.0,3,180,180,Under,True
303,0.18237491674991674,0.2694546425796426,0.2750194943944944,0.19979360916860914,0.06426642801642801,0.00909090909090909,4,210,180,Under,False
304,0.05504058441558442,0.17256132756132753,0.39982850482850474,0.3264729714729715,0.02982677045177045,0.016269841269841268,3,180,210,Under,True
305,0.045864898989899,0.2945914502164502,0.38112283549783543,0.21723935786435783,0.05221230158730158,0.008969155844155844,2,150,180,Under,True
306,0.1966927516927517,0.3488679303152987,0.2781513771316403,0.14579343536580375,0.02857142857142857,0.0019230769230769232,1,120,180,Under,True
307,0.044265873015873015,0.24236111111111108,0.36733828671328667,0.23163808413808412,0.09710497835497836,0.017291666666666667,2,150,180,Under,True
308,0.09038870851370852,0.12131583694083692,0.2409190115440115,0.39702561327561325,0.12951749639249638,0.020833333333333332,4,210,210,Under,True
309,0.07350468975468975,0.09858703796203797,0.3868789094892036,0.346448735088441,0.0772195165945166,0.017361111111111112,5,240,210,Under,False
310,0.017361111111111112,0.18001984126984125,0.34635551948051946,0.3145165945165945,0.13758026695526698,0.004166666666666667,4,210,210,Under,True
311,0.07889575702075703,0.410258769008769,0.29771228771228775,0.15555749805749805,0.04979791042291042,0.0077777777777777776,2,150,180,Under,True
312,0.08279699467199468,0.28555819180819175,0.2296025502275502,0.21407640970140968,0.17569312631812634,0.012272727272727274,3,180,210,Under,True
313,0.07585858585858585,0.21815469252969252,0.4192423548673547,0.23282425907425908,0.053920107670107666,0.0,2,150,180,Under,True
314,0.05496031746031745,0.1891098484848485,0.29297223609723605,0.34982899045399046,0.09695797258297259,0.01617063492063492,4,210,210,Under,True
315,0.022161172161172162,0.18867583805083804,0.31447268009768004,0.2559845016095016,0.15087752525252524,0.06782828282828283,4,210,180,Over,True
316,0.0874627455877456,0.13044508595979185,0.37597516046045465,0.33419921581686285,0.06358445884181178,0.008333333333333333,3,180,210,Under,True
317,0.22545891608391608,0.32483916410387,0.22332867296102585,0.15385392385392385,0.07251932299726417,0.0,1,120,180,Under,True
318,0.08176587301587301,0.21163329725829721,0.26405573593073595,0.3207945526695527,0.10541125541125543,0.016339285714285716,2,150,210,Under,True
319,0.04718253968253968,0.2136111111111111,0.2753210678210678,0.3567613636363637,0.08331439393939394,0.023809523809523808,4,210,210,Under,True
320,0.09112193362193362,0.05752074314574314,0.35200306637806633,0.45833152958152956,0.04102272727272727,0.0,3,180,210,Under,True
321,0.07521138583638584,0.1530468142968143,0.4090320096570096,0.291282745032745,0.053014346764346756,0.018412698412698415,4,210,210,Under,True
322,0.043398199023199024,0.19511474636474635,0.33029602342102343,0.3120112077465019,0.10437590187590189,0.014803921568627452,4,210,210,Under,True
323,0.054475767288267286,0.20177714646464645,0.17979225635475635,0.3825772144522145,0.14893127705627707,0.03244633838383839,4,210,210,Under,True
324,0.034722222222222224,0.1975712481962482,0.30737283549783545,0.38831980519480525,0.07201388888888888,0.0,1,120,210,Under,True
325,0.07972222222222224,0.13228174603174603,0.23019917582417584,0.4264209401709402,0.12651480463980463,0.00486111111111111,4,210,210,Under,True
326,0.1279041755028597,0.14331790650869597,0.2564035416338048,0.3004436024501814,0.14326384142173615,0.02866693248272196,3,180,210,Under,True
327,0.04646284271284271,0.09053977272727273,0.3762429931179932,0.29375215062715065,0.14569569319569325,0.04730654761904762,2,150,180,Over,False
328,0.05262771950271951,0.21735209235209232,0.36820929070929076,0.2841097791097792,0.07520111832611834,0.0025,4,210,210,Under,True
329,0.01534090909090909,0.15394934926184928,0.3288125416250417,0.4357011044511044,0.05385635198135198,0.012339743589743591,4,210,210,Under,True
330,0.06385010822510821,0.23204914162634754,0.35638429993209414,0.2395956943383414,0.06644146294881588,0.04167929292929293,4,210,180,Under,False
331,0.0257260101010101,0.21241639896051656,0.19597707439619208,0.4464830390198037,0.09960581085581086,0.01979166666666667,4,210,210,Under,True
332,0.07078248140748142,0.23654962362199203,0.36779763365289675,0.26054306074042916,0.055755772005771996,0.008571428571428572,3,180,180,Under,True
333,0.04497474747474747,0.1286174242424242,0.2786402772064537,0.3100902528843705,0.2146789321789322,0.022998366013071897,2,150,180,Over,False
334,0.05011474636474637,0.12690961815961815,0.22528166278166278,0.42685703185703183,0.14184704184704183,0.02898989898989899,3,180,210,Under,True
335,0.22387473637473634,0.29947188228438226,0.26508501914751914,0.15697420634920634,0.03268939393939394,0.021904761904761906,1,120,180,Under,True
336,0.11756895881895882,0.2759942834942835,0.39307081807081806,0.16591859529359532,0.04744734432234432,0.0,3,180,180,Under,True
337,0.03817550505050506,0.28581709956709955,0.280857683982684,0.3127389971139971,0.06202380952380952,0.020386904761904762,3,180,210,Under,True
338,0.30048722111222104,0.36427440614940615,0.1901761433011433,0.10661976911976911,0.03308531746031746,0.005357142857142857,1,120,150,Under,True
339,0.0449025974025974,0.2557135919635919,0.3902177683427683,0.25612040737040737,0.04749007936507936,0.005555555555555555,5,240,180,Under,False
340,0.031031746031746032,0.1797370684870685,0.43803647741147733,0.2764343989343989,0.06566940004440004,0.00909090909090909,3,180,210,Under,True
341,0.09969592907092907,0.19432088744588746,0.282930056055056,0.3577344877344878,0.04664620102120102,0.018672438672438674,4,210,210,Under,True
342,0.018611111111111113,0.2613852813852814,0.318259102009102,0.24682657620157616,0.1549179292929293,0.0,4,210,210,Under,True
343,0.0968265762015762,0.21493950493950495,0.4105494505494505,0.21212710900210902,0.04109307359307359,0.024464285714285716,2,150,180,Under,True
344,0.04413690476190476,0.3367914724164724,0.3823285048285049,0.1538378982128982,0.08290521978021978,0.0,2,150,180,Under,True
345,0.05605339105339104,0.1471671384171384,0.20658848096348098,0.36093448218448226,0.13734078421578425,0.09191572316572318,2,150,180,Over,False
346,0.0457855339105339,0.19390376984126984,0.3545161435786436,0.28435515873015876,0.09727272727272729,0.024166666666666666,5,240,210,Under,False
347,0.031331168831168835,0.1805357142857143,0.40345002220002224,0.2514751221001221,0.11118416305916308,0.022023809523809522,4,210,210,Under,True
348,0.10122700216450216,0.22037833694083697,0.3083590367965368,0.31297934704184704,0.04820707070707071,0.008849206349206348,2,150,210,Under,True
349,0.16405205905205905,0.32992424242424245,0.28637036574536573,0.19794823232323233,0.018580100455100453,0.003125,1,120,180,Under,True
350,0.020328282828282827,0.24123081049067893,0.4047940747118378,0.2674825101798786,0.06116432178932178,0.005,5,240,180,Under,False
351,0.06581730769230769,0.2664474414474415,0.20690767565767562,0.3640271534021533,0.07226308413808415,0.024537337662337663,2,150,210,Under,True
352,0.06328761516261516,0.2084324703074703,0.5356419275169275,0.14861020923520923,0.04402777777777778,0.0,3,180,180,Under,True
353,0.0708209151959152,0.11818903318903318,0.36242798867798864,0.37338078588078577,0.06160804473304473,0.013573232323232324,3,180,210,Under,True
354,0.09486381673881675,0.2885565476190476,0.24331709956709954,0.2750928932178932,0.08660714285714285,0.0115625,3,180,210,Under,True
355,0.08894841269841268,0.07210081176992941,0.32074834479246234,0.3973937949305596,0.07801046176046175,0.042798174048174056,4,210,210,Under,True
356,0.06527625152625154,0.19709249084249084,0.30302156177156175,0.3344555444555445,0.07610653235653236,0.024047619047619047,2,150,210,Under,True
357,0.05527777777777778,0.15980429292929293,0.2874524087024087,0.3497410228660228,0.13209949772449775,0.015625,2,150,210,Under,True
358,0.18898670773670773,0.3169145784770785,0.24966450216450217,0.18321574259074253,0.054075611888111885,0.007142857142857143,4,210,180,Under,False
359,0.09029789654789656,0.08873071373071373,0.25375513375513375,0.4436263736263736,0.10483988233988235,0.01875,4,210,210,Under,True
360,0.12077922077922074,0.09376893939393939,0.21036255411255414,0.3806484487734488,0.17031204906204905,0.024128787878787878,3,180,210,Under,True
361,0.02512987012987013,0.13278346653346657,0.5245785015637956,0.2509803839950898,0.05233946608946608,0.01418831168831169,4,210,180,Under,False
362,0.017499999999999998,0.06985479797979798,0.38904324841824833,0.34961462148962147,0.13180784493284498,0.04217948717948718,5,240,180,Over,True
363,0.1003552836052836,0.1108623321123321,0.22547936785436778,0.36040499777999774,0.1334937423687424,0.06940427627927628,2,150,210,Under,True
